input,result,gas,notes
1b43c36e6eb9566ae50c78f79802a80a963cf4317079c9e201361b1afbd64d2b2796ffa55aaf5946e40b8038cda20238c53f328d5e4150287564eb08ce1efa590d4d3c9a95606d838edb0b494a64d5ad5933335cd7acf5ee9409492135b44fed2d02a128bfb4cb61db495d5389feba0c4943e8c8c936acf7231fc8edefb619b5,29a99e2465491ddb57b131ea6d0469f4faaa4202bf870b3e82365b9c3a59cf8227d26a8780d9d0c30452f13d9673e2d9cae926a2158b62f8cf4804adaa112e98,150,
0f85a508df37969f8c8cbbca94dee3e16486925e641f30eb28c6b1e3b245f65b2ee909d033107923c60ebb62d1df187876ce7572389ae92ee8550944afa5744a2e5edfb879b2e339b57cdac7807f7db63ced81cac249b3b3f3c9c9654ef18d90271d8f777fbdd5b835281abc507d5abf5ff4d1246b46f4b67eaf5225bf61740a,0dc0cbe0fb51f403891c65123b93565a6337ed8db5514bf32a7e378fb76fdeac0d0c8408bf954b22aef7860222e2361585db61f5316ea58e2a2d864fe71773b2,150,
2916f9ec30acee03708b50237ea90d28b78d7c3e50a4291998a951c034db0f1d0ba73873480a5340e1a75053d189a74e5aa90834e5b05b346a3d642c425efacf1b569250593ccd6b1996da21ac3921d187c3521eb6e30cfaaec2e87ca0a539fa23688cecb7f844d091cf789f38efcab6e627d1617cf754f499eadca118f49f30,0973c24ad66f533ebb28d2c8767578abb13178204a86e47cc507743fa0cc02ca0f2b48444a4f0710749836b15b1ce12e7ab653a4c7f5292a652949c05804e4fb,150,
2e995ae31702e2d6392c6e4c9cba4d77d2499083999aac05ed9deee839a0116a13e92dfc69d809590ae3bd5623a535f9d24d6b4b12df77c19e76d42c4b03b1a21c93c96f17ad1b0ca279770fdc561a9abc28cae2999dc6b6bb87cca418c022950c6527a1f7fa3b4e3ebfaf45205bf3b404a8b7399e8ff50fbaf911018329013e,18ed817ef7e0a3e7f9e2eef6e5a4e50ec956d19421861bb683692400ebfe624d22d6eb16872cdbd2cd1ac3511c5ea6cd824891e1ea382ec8a2d7ded9596edc78,150,
07de5f1ebff51c81ba850980e0699714841c1edac6d06aa6868a16748580bea32db39aa2355192f40ec01d32c036ba09117e2042994b427c406821d0331914dd1bfdd4646e8889835a0292ce43d8bb2ad93cbaa36dccbbd04abf51e8d38b43aa03cf84893c37329c17d755d08def8bb7e0ab9059c7620e4e8a2bfeebb4c31ae7,0171c82f0c346d973e8c1376513ccb6bb137dab020934a598718111c22c296272923bbd637d7e503cf7d98ea642813acb3cd16a664cf35fbda2afb5122f0f49d,150,
0701805fb427d00ce36bbd6b11e7f882648c1bc327bf2714df4dbb610a24105c25f044524bc4b1ae5a22b5908d920ca29f9296b8cc0fa962a5f4520129f924152319b34306bf3d7d4ba16c95afdb78ad51819dd90f09df5a98755f42ffdc485303e6b28553c89254875e2076c35f3732e265c043dfdee455f3ffe6735d382dd5,131eab07c7f2689b659819ff318169223087f75d94b9d76821917e79e10d022b22d3fa1f8062fa672ba1ab8fc1cc0628868a909544fd9a17e362e8174025e03d,150,
184df90117d858501ec7c0d69d8dd8050daa6ce49f50445a763722daedf2e1d82b55b25fd087ca81ca13f7bcb38ec9fb455970baa031d79c2769f60201ea5bca19679c6815ffa07b67f8873c77e0e852d563eb2635bed5a2f8ab356f88f10d380306235358fe16da3bdf9d03b330208d8e1c3dd07bbcc0fc073db0eb570b0b88,2941b8b794382ca5f56a64efc256bac7fa2a8c4190219a256bf658814f70856c1cddb67cf106148a385a12a4735def9a9cbfe7038fc0c1906999e99041866773,150,
1e0a1d2d495adb45e5eae39ef24cca47ac2b4248137807b4e2de89f06c1448932c8ad2f08d6aaaf9aa4f87f0548d28dfb2d48712e1c03727fc595234137deed026529d24a3542bac4878cf1d6b20167ccba437be0cb59e615a0c11757807c2622cddfa93abce6d8c70bc15b7d174fce561768b943ff5407e2996b3d811fc166f,03f3868ed52fbb8c09b77b3fabb82b7e6909f4b5d2899efe5da1e6001f07a3120eed515d37f787498022eaddaadf3b87b4dcd52f37a54f4cf80b45892c310d56,150,
2d7c31c2b12d7b09ae25b4caab2798803314c3ec7cdcfd0de12f606dbe515bc918316a80810aa145f60aa2d74370c189def59277c3e1d99faf1b252280417d3c2077c76a9d1379fbfdc58a8a7b7726fb1ab64aa04e54e5634f5dc26d7d2adb432543731991d1ef81635ecd99bde03ba452c62ce55a4b1cce6aca325692ed4d09,2884f8feb4a88eb7a9447ecf398268b0064a9c3f14ea019342fcd7be0caddf020ea033d2405659afa7a8ceb89ac64a56ef9b424f346826e56024a179d377d27d,150,
04fe4095cebcfcefb125e5887ec727ce090020746e56de988c677dbfa7b54b770d3ccb5605e1c74fefdebd836d157c05ce7e9f5ab1ed651f264755149a62f8320c8facf125d9514f764a2663412481bf61691e6c46b5af51939fcd0fa7923fbc1794bdf99cc08fe10a316ca1ba05b49cfe18f526863dbe622885368ac99f992e,020a596e49168d156658e6b925c0bfafbf8b451f638dc07569238ea09f2f88e52880ddfe842fb73961721d8edf87101fbe992c5a951fd7de630b9025d22aa74a,150,
3032d14c79576410f97766072284e6fa2386e6b1d9aff5d3eae26c7cdd3ed33c237fcf14453950ebc55e8052fbca0d3671fe5dc27c0069ab1647ebcad3695fa11f69b98d5763bf896bc4bbad4a8ff73801599202c4d3c522d335578dfe7a0f1123382707719546857c230e12690ee9f3c81ef4bc61fc3cbb8e4fefb3505d969b,1726f177e513cd587608b96c218331f39274680af0794577acc259ff69e221d20752f47c39b508fb3710b0fc6ca4fc3c1965de68c82240f78da6354efe2e5705,150,
198de67c3839d3153d508bbd668e97d203490ffeade6eeb46771524073a9c37d2568a7d7ce6f9b0f66fb8c3da393801e0d9db3d66126f6a41be2a257c3b1fa8c18d025dbd4c5b730d4074762a9c824e38c81a4b8a565cdd7717ac7cf8d6f55c22242275db8ff629129da597487ae6849218b3a9a27d02408d5d0701b451f2aaf,1a09c8ec6416903031e6a9249b7df338ee4cbc79f9e8a105748eec1b1e4c22d0156b62706790cb37ed0b2973604ab1d2f5128a4415bfe79ff45b871a48e25597,150,
24c1273f9d9875963aab03725eede38a88795141879e973f74cd08c1a12462d11cb77f160fccdefd1c8243cb9b3bf4027374ddce193249750e260ea4928fc20414bce6143b7b96101e0e33dcabeec47b94b3f944fc407a14d499b90b6de663a42f4289d63bcafbe6c1190e8e1dbc1e549ee92853b0dc9659b6508d36ed28ee6e,1a23ec7a2995178cf8b3ff26c003f0c38b7331bc6e7961c4fb8af24d138834981d896cbf9f5229f6cfc14b297030b2477460a352ff249fcc591313e60a2aaa5c,150,
19ecddfcdb40944b84c208a1cf150154a20fbaf0fc9a6c232debf8042e606bcc11d473b3deab044b750542778f08984926a4ef7f42a3779816e86b9e32ccc18b165bc60e24f6fa442818301858db34650b79fee3ba6a749256e0458167ca4de9241382cb7601286fb8d721bcabdcffaa2a88021d75e6bd081f674d6f6a11f01b,1ec4158789023117235536ff1c9c09bb8cd7684efe588201ddaf0708f9850c422177971f8ef20d6d47566ba029c306d4c70a7954b9f24a5ced76009172ee3029,150,
1a33156f9252af7df4770746b553a3156a45572e6c46d2ffc97e6e940212c49f0487e5b0fd783d80fc362e6b453bae6ed77b02054d8adba9a3964d5d7357dbe107fef3e9f3fd3da26e6a083c86967db56a0d27ac94314803defebaea6fb27269264f2891c6cabacc9fda8b07c9f8d3df6050c24603f8532335d28662666710ce,1025ceac501fc179963465bc28b7ad402fdbf7a8bc1ce7de3043a6e9de690c62234dcd90fa04d2188f9c2011de1a672602a2a1811f92645b13913e3f54ffba8a,150,
0c94f9c195184421ae83539a0f8a16388310615f39a827a1778486173f10bf500414ad754cb9233b7d69ac4fea1f97c71c6bd73369a8a7a1cebd6edd87e06745018529c254400ab8a6a6955b30c6d92bb42123f41a97242a219cf516be8e91df2c8365b74e7a59141137b95774dff1b16d8601976779b920cde2df66669cadcc,044022cadca68169655b761668163a74ac9019c3dcddfb379fd0a8dc98aaa11710a50d79a83b64377671d43fe6a642288c644323d6e891d70b04a1f89dbc7cd3,150,
1db047a190dd76d1402e6ad3c7fc9c065d21c94df397ad495b643ea46c0e5d0306c9b0f6e490d25c7b608252a498a21f5f1858ce93f4e83063eb9b55bc7c31f90cc836806a05ed2738a23fdf38641337fb0e4f1238ac5c3d81d2a7ee84ed20b40755c2cf20b2d02196424914de43bd5c9bb06278af420c297b67e14fef6f3a95,2ce69fca813bba630e3f8c52eec28a3d8c1021ea9cb71d916b3d3d63d04b81811ed008458c5dc60970697270e68919edb026a1a602384ab924e235c3d539bad2,150,
18373a450112cd1560e92fb06f87d504c31c3fe8d06433690459edc804cf78fe13fe282e94d91192ce34fd695b76637b1ba74ccf8fc78d51e5bfadc2806b3b000d6297a6dcf15b5293f274f879d23be0e5cf1fa477e9f9791ef169aa8a6ec0d707e497e125276b0ba3cad5cc5be7d26ac8907e36b75cbb3276bfad81c166adf5,2709f5afb3d89ef51e7d10f13f0e7c02b76b10a8873fafba44784d77d916542c03c9c6951ed0cadd81e861d8b06337392a67efd1df60af9e2a12ae047096d72c,150,
282dc926ac36aaeafa1714604e42d10aa9a3e97fe81f7b0fc4ec3ce6c27bf5ee2a380e99b5b0c929428e357f8518f64596f39ce291e4c8eeb36860de334c71e327dd6898df4692c7bdf0daf18de19dc5bdc7ebb86e0ccbd3130d23c9385afeab2bf419e3f3cd64f1aa0a7e23607af5dd6bbe377b8ecdc998957c3dbe1bdc977d,253b83cb9e3bbaabc7dafba9bdf112b7a66a2bb6ecd1fcc1ff9959a18013880c045f1e493ce531a5b30e0874d7022bb4dcd04e54a2c1eb3a51a3b743d06f903e,150,
1bb04679180181ffc91b76a7220e1bfb481ef49a4697faf0f497f755c1e1b5d322a77b51fb772699b50cfe89a33286e6bc20c498cb169e823c035d90ca9e9d0409fec08dfa7383dd54f258c00b7627b0b81dff149b0fcbc39c3bf33de28dcfca0184e7bef0b4058dcbc07bd3f3f3bd0164451320f04f3904ac18555ae672b6ee,1d32b81acd00a23ccd07c1015f73f243c52be83bc779544ec1b9cb88ae85fa6a01142e6345340734316f2e33c13c0bdd0f2153f87cd196cec7714200e633799a,150,
29fe43bd274af34520043171a9d588e5a2663f13a7e850b77d74ec040fe4c38426d63acca4b53399fe0bc9a224d664932ac29745363e943e09e8b4328153ff2013e912e7fdcfb10ab8bca49ee77f83e36fe811eb1ba67add05cd2f691434f66a138213806b4b5a1d40ee7756c8c92935225f2a2c82450e433054eb43593f223a,27bbc91552c0c51f8074f0e943921554556fd6fb612bb9d9431217477a9c74681cd1ef2e33342d3cab18cbe55e6c35e50b679d5bd1dec29c95f9f1cde09bc5ba,150,
0689a99770abf5678aa1554214acd85ff8b772097fe8aca549732c635a1b548609f0fa33282ce4f33b967e483f916e8292d8bd97944bfe93606d76884ae1c3872a034fc365e340ec3e1dfa3e0644ce982d605e8235861df6e633d4af28394a981237d0d227c577f4cb460d745348be745a65abaa8270faa24cbe203bd37b0701,22fe52e7d928c8393f3f1cd4b25da082beb263a7be63a2615ce31245d58f35e90cfe0ac923ff370dcc8760af0a41d3b9e560cf6185a50924856ddba5a41b33dc,150,
18fd6300e01d66d39c16b6bd0429963e5b71a43509bfe55fc6f51cae5b636f73221e8da0da6a43ee44d59bd0869e32cdf9fe608223dcdd0c0aa80127b700ecf42309868fdba6e0d93b998e704cc0d6dfcc61a6f0523660714e27ff57ba348707041c91f774846f52e92bd510ca05c2c80361009e5f458fb37f8c66fb6df00958,102d40056d29d281eb9a8374cceb27d361e6fef8131dd5df37fe9be8bac01dfa04f9f50b2c25157349ff8e35ceb2a803212b1744c191f8eaebc67c96f36cb4a0,150,
30554ba407dc2f30cb41818994ce90778f4b92e6d56cb7642ab3bf3b5ea7eee62c44fd91c2872e9a2dbce6def4d31952e81f3f2403dfa3ea42f4f2553f628b891e5202992a7a7c073a8b31d4f03e3dfd593ab769a7f7a343d5595eea80d9492126ae21a8e8bd8bd2dbdfdb5ae6912ee6e6b01a4dcc0400262baca7bfe9d20788,15c11c1927d205f7f779e2885597f41db83525a3d9347de32cb178a4c6da16aa0d2768dd574030e1b0753559991c855cf5150e412e9e5397f960a7daebe6e5cc,150,
05f1236d6198c674608d83435a232026d3aec36a91e1b2c176cd9acebe050f8d1683e0e4c6dc757cd0a3c0beed154e123fe0013be96e146d80911859d0953ac3123a5d746c590e9373b65caf722ba4a793b100faf549bec3159a02a5cdc90a0a2bb1cd33cb84fd2a7c7d98c9c3cfe74f4ca0bff4fd48f59fdc18fdb2c26c60b6,10293d0cf70537e5de2bdafd34aff832b37e899a35b7b30aca0e5e2f5bdc922e2ba6c9f967e250eac4365c5f65d36ad11748cb1a6535ade051560d00a98c9699,150,
28463bca322955cbfca422d8c82f00cbd306fc45440b62dfdcb8bdbcdde5045725715ddd4f204c8baad8eb6aacb8b52d3c82bc80d077baa2af7b9b39cb871ce219d06310c7d8affe260aa1f2d1ced2689c3c5fc301cff8fc7f1a7e6b26cb6dd3240becae03a1e5bb896faa0def0a5546b0c3219713782d6cdc95eae17c7dd42f,110aeadb683476df113c814924df5b578af16e1a7d6630d5c59e88ff4aefb75c11faa3dbb198b30660a44341db3fc6823e3f10d822351ffde673c558921ed8f6,150,
02e5f473e89236a3d54cc1bead84099e815a685e14a93d9415f0865f37e57e4b1e50fafdb4b5404684f74a3e7f8274d3c2ade750733f19f3d949745a843bd2482fad2ab47345a1decba745670ae8fa18e82e0c562f246f8cc254301041754f3c292b3b25bdf5d86e4b928fb082f298e0d40a096c1efa528e697501765c8d128c,1923a517fa1c4d72de6a23e1ef9832b581e3c3cdea0d66e82359ddb34dce60b31019928f6df96d87195e53c1d07a1ca920141d2877b696a831637d6a5f7da165,150,
1d301838aa5a38d0fc6eefb006638e62371c703f5df5fbe1ef929bad6a87712525a83a18a36d07b972f1915700e6a7732197cebcc04c74c691346107d886eb1f0dfc3d8a50ca1ef4d930b35c82cb30f4c997a78c63d4e5339bccd2c71ad962842e1c1a43c4386b83fe50438db0e6922ac117ca78679817ac7c2a78d9a9c5e3e3,0a73c0da6adaebf2f26a2516524e7209dc31f4ceda97311458b3b22c08bce03b01d8d5a8d9e651b8e174c87469507b803a3a42cf5963740f5ebc44e361608ab4,150,
211474fe26369d91b3dd47c0db4edd925e8168fadc38c99499a28bb86c36c1532d46ec038e930da9de089acd7e81da6029135fbb5f6741cb08ed31281a4299b70590f566f829fe182c2e8a7ecffd4543b0a26cf1220e224de9bf3c6aec22e5f60b454682b6853c823f9c9e8f0c40bb2f9e2fa6320c9eb6e466c64a288c84d01b,228ecd6e91fc95a3d87f152712d40f643ecfdf30cb1337719eadaddd9070f78e1d6e8f859f77bd381b3dcf1e9fdf5e19b3cd1aa45b69931450d4ea7bdd086356,150,
103901b0f3eaa6e7c7ff5895eebefa8baf7d1c91488c02d998f57e69250269252541dfa6dcab7a18fdf0d70cee24756ae1f291319546b1acbee56c1b30bd6cc81017fb5afea37f8191063de3631311285a40bfde9444b85e4e7b54b0f64c4d7d2172748f5b1b249b73e3d121fae2d9c63c4ea05d774fbccac410f7eadd900993,1f2b8aa2fffb1deff5a5c39ffa5e83a72e0748ba63dc3bdaa63cbaeb32e0fdae1e76fe56f3f53303c0ee624a3748d3457efbffb7078b77e17fe117db4589a484,150,
24855abe5352c7bb687d1c18c0458ad00d7a5b33ab6523ccf052d451dc7f4644265d9491f4fc7b6514639c0d36aee4f8dc1e5ebf6432ecfe0d579ca95c9dbf0f2d054a6c66573280065904352f8e069da63e6b57275111a337b761349ec540ba18e1dec4945ec727248f117facfaeced0bfd6ec35dde26264c15b78cbdae4cdd,1d8d1025e7568d048b0b859e6fb72219137623e75139e6571f6f82d94801d9a419420178e8c28dae0a1d67af7540e4827542348c8e78c17f3e877c126dbbf33c,150,
17237ad1e12247cdf6c467534ad830bfed010b908a99570b3c8bdecae041aa9505e26300539ae09a002025d9006bbc624c53a6431d4e3f3595b12c5baf9a6cb70c76ecf14339cb9c916ec45533d55974809ad4af38c7004df3eed5716612e5ee2f3a192124f2235071b92abae32899c10f9b07ff751072dc066b36e50edfd350,0c7a2d87ba44c92ceabe01764acd1b4eb1b4c2794790bb2651ff626f0486941c040714d83bb7e6f1c7b439707f9472e002a5b0a2aebdd1c5678b14f98fd7390e,150,
255810ea6036c9ddad5698a9523336ac8714a5f444e2271426ac69b4abe80abc1e2ab26ee21073b9c5960a3b77e3fcc3fb6732880c5297e0e9ac36d8bdbdf5ed1297be97e34696ef4da66dcf244a2013dc7e5c0abfe8311d306d62e2602e91570498361caa564b0eb20d629b915a29ed03674cecf3d598f63ed02a9c5310057e,0ec30fc7ce6d9e1cb7fe6b090fa3707a01bee435964bbbe0f1759384c05984882714c7614fe43b85aa6db3c22acd419519d2e227223d083237a6e1f7781702c3,150,
2ef48eec0ff0ccf97f23d50712ab72d464ca2e4bb71d9f75ee3b6ebe097659070bc608127319f40696dd7463c79e4323399572bbf5cac20027e59fb557a268a528202e20f52935ee4dca700e282bdc3621a67bd69f6b5a90efba2f154ca186d4147a9254fd743a62a97ff625b181a3869b70f2b84b3b4eb90d060fb40feb0b00,2c24b85dd73de85949bcfd7ba383689fd75129b52a5648dc23ea284c3506395c2eee70462284998b50d492ccbbd596cb8e71026fa3fdc76e6112dd929ac75ee6,150,
2bae70cedc7125f10c969debcd0b1fb69f99f24064c7a41e7e666c7777c8f5342c796456b474f0efad2ce71863cac4e4a037585e724ca6eeb0dfa3351e69e40d259fb767ec00aaf0b9719dae928671da277c69e98f57b77441d23d6433677ab82fcabd9feb7ca41d4c2bcf780da30d43483cfbf1d5e05fcfbf0c983c85cf49dd,0094631c3a3e795f30ba329e9c83575b1419e52c0d28ad8b7bcc43c50d8557da18b2202d2ec3e7d30156b537c1048be35f2b6b8d59270f48de1240d6d383f1ad,150,
182751f98be71b721c41bf0a883194bbf92d5193872d0d7e35baf51f2a8e2f2504ad81a0dffb6f81fc1ed588379e1460bebe968e84913e3cb7101c7057618d8b16a911b9ce8638c266b34b08062d8981840fd230d4d7c9773ce21e09d3d3c0211ffe51165e29a851861f5f2f7e8468b4dc586afdeb2726244ad91987955d6983,1951dda5cdb7d661a2b8d70323e24ab8819203eea8a437c6f06bcc7205bbe7051bef86f382f8f29a7e3c3b832deb6319c9ea609602577035b19d5efba088939d,150,
1227ece3fe1b844cf18eff533b8b23f03074ab7390d2889f7ccf423cb01e11430556555f5e755c263be28f02a09516940938e35965c1b05b119908f5a4851cbc15971afc7e4227821d6818b1679dfd285fe6d2baebc7253ff63b687fc04a1a6720d71e592c1230c9c54e16a9ea5b493aabd28e89754c639a9a1336680dd1b527,09834a8928469b884e8386b57ef9499c88878538b7a17f4834eaf0d8200e8f71019de7baadb02ec2a69e6fe6628f34cc61b6d1fa439db61f6c0558de6473b5dc,150,
2c6afbc631fdd9490ff39c0743e9c0dd9d4ee07d74ad08d37f1c1bd7b1bf5ce60cfe5e145970583d4607b06a6a94e5caf269b5948e3dd001bc5dcd8de78aba892479e0a09a9922449cc71de5aeee3f6a03ccdd310f276e5100cdf9a408e232c70eb708a95d71192040e24a928dc3c05304dfee28458909ab4a4952ce86dfb724,2208bd94ba6b153a05246f311b524020809856c0d735b1ed935233d143e2c45902ff0c1d342f599cd5e517de82a8bac118744106b6e68b2497fdd9c3623de0b4,150,
0cf03bb8cb5d6f4a35512ff27c84d6fe04c770cc7fd02eccfcd1283b6febf32a0aebe793e50041cdf7d5679c9077d4d12e0244c6ad6b942a05f3da6f47be68690de51f63da0eaa5457cb6cd683b24614c719524c6ae9995899d47f5666280c0d1722ea4bc2813b9ce95bccfa3fcc31c2eda811395918183e7e772e934ff0c541,1a29123b6904bac951fe2b1ba74d7702240f33210f6fbc5e5ee5c3ac0cceed2e2350f673dc48756f5dc581546b938618af6722501018ce013c269fdc7b6ff955,150,
0214b1f179b6d6274af19225258f1b7801f4278abc164178ff1d1886b5c04e56129cf54421360bbcc261c0827f965063d72eadc9fc38836ac35ab73c2bf8db6702862a28d0c17f613dc9598b9cf8307d9e18ce1fce4c416b7b2db3d93caf262b1723259cf3837f73726a36b08862f8be76f8cd4d57102856b7c036342cdc47ce,1f13a67f9630c5806e9ebd06ea356ef0bbff1fa7a2b3bba689e3c2fda4b33e6a20ce27bbae055fdd74152f3c4f87ce555ffed562da5069cf6bde7b05506e47b0,150,
19d0f21b49dc3c6e554347358313a9b7fe1a41c4191cc16c91af95ef5a64c4d4020ebecc10cd0cb9c3f2700c7eeec0c6a94335ff14db9884cb4d619f18e4d711072ce97a3fc4d1ba514293615cc8a2c0132abe625ad4f6c49f7f47817a5bbaec0e6db0bb61e523d89297f7816fab289cbcd6b26bdd88706eb8d916246fd1f502,17adb8579fc6dba94d69520b192cc6d9075b2db57a343b495afd35568c2afe952fb91fe72b7af9e1419a2302114307130d465cd3572cb7c878dc0e2f2302f90e,150,
0e89afb1fbcd6656bb9917a22cf1849e718031644373e8cc76be353f950f13321ecc4185587abf9c6195d3f074e2eff7baab33dc81692df74d7143a5cd089c5f1af78ba1e75727b12442cc4fa9c5ce425c3b0ae5bd9d8ebb3b394042953a466808b7f5c217f124493554a4bfa94a6ef0b5cb361a9b7a3ae5c1841ff40f69b9b3,01a2179d446fa0f9c5af8148d4a3b8b2c85c72640c6dae838400489f14f3c9e20139caf06472c9855c922cdc48d9e8850bedaddba6c84db2d615a98e031b5ef3,150,
103e8be28d1e1f83e1d5a047c45de5967102316d75d1c7df2b046a5e35e477f91f52e5e5d7616393e685694d5d264fccba6642624d6767041b9516e4c1f41cd9180718a488a22928b1c6eef3738cf1c5d744b485f982a8f68f29e9040a67671917aab20e546fdadd0ca5def472d0649ab18d56c5401aa0005fb1700e437d39f4,30060738f5fab4594f6d1dc6aac439897c8350ad6cfcc9de0d2c6ab5cee427cd2daf3650dd4d025266de83a28001bea9c2186ded39ae8c0786c36d75ef67aeee,150,
1cca7c814f5227160f9a6247ca2d54bf093c7ed6c5fb80a2edd885d33afe94362e846389ac9b5bb3fb22e6c295104c383c81fceb835a416de99cbbb5b9998c34244a613f693775fff921d62a6b32294a1d88dedce24853bfe6797065a60a14d316f51df0c1e5617982971bb630d91999865e6693261b5ca30db8d542a0ed6d05,07d23155742b68fd1e1bbf3887bcf9e89f8244f4a78ca73a59e211a959aab8d52e7a85416c99b2e818796eef882aead3d74ddee452c41615358c515158ca90e7,150,
2c3abc7a59125cc6daf4b2465c5b33be0efd3b067d42c4417e8ac39a7092435128d49fc1813472e332ca50ec977eb30d890b7a10838a5b25b6faab18f3a8405f1b74b3b56da96442119cc98e9af8c8d4eeaff9e72b8346b1ed928bd5985e9f1c119c0894902112e505a7a1be66e7d1e64c42a7ac07b5b44ea7e00b488cdb7f51,21aab05d4e1528982d2d438dee852d85abb43553d62b540a8c5da9040e46733213314e3abe185048936e9df50365a9a6a4049c4b1a70947ec7255f19def29d65,150,
1482d61e71992782c3861873b121b14f5ae44c9e918a2ae7ff4a50f6c637edfc137e0336983fed007eb490c339e32fe713c6cc21be0183f14171e44966ec85f20893391b426e4c59cd506241793421e09e9a30e8e1fad3e62afd5f1cb96b05bf211e005c271d07f61518ce5b796cd4017ad5825082903bd6e6aca8ccf46f172f,199e652322919622366a0c90964af6ddd8c1bdeac68a9f80eabfc6a706e9dbc929bfa8d8651ae3caa45a94d35a327032746bc447a62ef0202618982599d7d560,150,
10f92d79ea6749126d6114d04937d0ea3089bb41da9749a11fb52c6d3649e50f26ced4fb6dd40d85a50ffe2e7cf1c08a8dda3555131ccc46bc03a8606e3d2f5424864bf74f24691099b0a3b205977e23f771d26b6d3f43eaf75d2d5bc02517b62091f460e18acc8659e73e604fdf636e52d9ab1424788c319b30423b24e6f51a,121502554c471ee2ba9450c736db85b820bb2552864d8501109585e9091bc68b0697149f0dc47a2736c96fe19c8b9984f896818009efed8f56665cf34f2434fd,150,
1ed3260adc37c035177ad3c990a3cdd2518803344a6b87b7125ded17571cb17e0f8133f2399127b41d6c84e136d5fb001f96ffd6179462cefc0093b7aa91de3f21b8e78b3a615f9aa70e736cdd3324ba7d0ffff59dfca3017f7c5eb03fe828640482e791cb8e39e48f71de551a423b5fa5a8dcdc13f55727e7350477c5536528,0bd790ef8fb3add4640a67f442a2da8b4d0212161c531bffee923f99265feadf0bf3b061ef9207c52ece38d2eed77dd31d6dfd7f723f003e46616ff6c070b41c,150,
264a97b719c9388318ce5b09ee0422b308947de8db4479949dc7a5075a3c3644023bb6d100016e414e27d120557dbbf48d22d9a55b9ffcaa5275c5cfe071e53f080c2b59623908c80a6a4e71745dec2648596e3dca443b409afd3de685a08c97255bf0532e48de8b49611bd375afb044e480600cabb3a0008296c87135bb58b0,2cb03487dd3ca9fa89ad58f45d811584e06d576f9368e7a24a46e473ecf066cd25d223ec005c5fac7e65634bc8fcf5bb57db0f31f1ebd0264c0419ab70a39c13,150,
0ab0de264bac527bf2eac3ee18d8ef533c93d23ea37cd61a92cabdafd70959b41789a726d0995e4097d3be2cb398163c4161a8e895f48c4aad7b9b1276115a042d03d06f85b22a4291c315d83623d7373e4e3e714de7f1ee93043bc0e8bd70332648682cf39ff9ae4840891ce7f19ed8ae617664bc1dbb4118f6fee0cc82fe42,0f916e413444aab701851c4ee37bd7d95d4cc5dd3d6d50e915cd2dd29338409e23f5ac64bbcf41f25f8c5055864557ce6e04dca0384cda5094f7e2ac90525ddf,150,
035feaef95fad68c40dbca4b08d2433842c60e11bd0a6f397d1c923d9476ff68068512569a24fb5e3fbf52108a20a1d98d43f1e3d9158c0d835ec450b121833728f18dbbd0891b634bbe4006b8d9912fe7ae0b118204c873bab1bcddbbe74ee72ca4d97b0e66cb976850d115b5d98f77ffa210008744ce4d2afb45d40f444389,27818fb5c8a4607a65cf69878744da80e322f5a9861190563f3a583109cec6e711ea9f0b30de3d89f3489af3c34b2173f64ca3a7b93a9dcb32ad8ece2b33bffa,150,
1ea9c4ba8550bf97abb5d3e52af96559f4fc88b1573daa82afb4469986d7faa725896cd02c0a63e30d783df783827937b9e6c9ddae8973fc5a2e7418c407d95d1cddf82b578fa6697d183f584f855ecdb50904a6bb2f912b8b81c4f67a02713d0d978a6048c6e9d9125d2fa087d2ce9a3906a1e7461737d222674014c203968a,21aef85db2f972b9ad11a38241361268d9e4dbce08a8074d382f1eaab8146e050b704da6a247b0c211ee89b1fc51374f9cb8a8b50c8233c90944d040a84e42d4,150,
05b951011e230c53446dce9d88c0cc74a50cc63b84c287f260b87275122801260025dd08bbef879ae8c433b99c46c7fe82829a65c4ad3271ab023fd2f6e14d1b12e6f85738a863acbb46b3ec682daf47b906f4030231b287ea53322d3a13986c124378eb76ee653d5b789b19ea4b4f03c8cb9dd71ab42ea879208360639a7bd2,2a8f9e126644c4a6eabfa7fd46a51a2058e34b3cd63a8ee162df99fcd0558a0615587c2e8df061ef3ebbed461e13b3dffca3f1124b431a2622f3c5349d4facff,150,
298c7d63ccb2d9556487e70e4a5add3e2d9d79e15a96127f10c9555351d18db21a5469ec28d5c3bb2791de1ba931ed9027296ac6a3f258a5695e90db201ffaf1074adf2edc953e019f9c5ea180d0732f19d41fd1e183d6a7ad075bac742a2fad247302fc779b392cc025db04aa679f7ccbdaac7c243b5a2ab9068dc6efd5530f,0accd810b4cef9eeae32fffcdddac2cc1ef724f4708c8a52a96a66e0e24717c12f1fa09657b57691b7a7661218f62d6a87ddda38fba927cfd4b08d4f4ea4c338,150,
1fada8ed0db71d720f8d440021b00409ab8c28ab35d4d8b6777cd3b6c91f5dc122a60704d6578a116e484e9eb7f5ab137f60ef39b2da4c6164d0ca5233e312801177b6c887c26eaa663818f6b0126ac6e0a9d8f8c77a0ef47e43076524a5263b1630ba99f417e03b9c5af536b62ce6603dd0c6c23027c8d78a600db2ff13a236,27fed40285bd21fe20dfdd1903a42c98ff6a282da7b261017a98e55cc2f7e704055ba2773b68c86b9b15fa6d7e3edc19ab5aaf98045485790b0f446e31e28691,150,
1d2068ab25715682168446a533698e6a7c77ef5cebcf117ac4d0d941ec2d795f24d3d9e59774c71fa28975ca3f8e9bf80ac5746d9fe0ced96cc1719e38f8cb2d06caedb7f88d2d8478c74fd92be31c0bd60a50bb5d3405e613521b06cf65d50d1c114379eaef11811f29ccedf5cb12741d09d0fbec4c37af05493c738f7b2dde,1c0a1c908850d57848057fd4663ea635235cf050a9549d02b1f8d9b258d7e2e712014a4a7368a05615870d59596857a51f7c4fa0758ce63664039586f08551a0,150,
0c4c1e5a19124f39294edbb8c3152ec225f91fc53654c1c75d5f6c4b449b3f97154b814d0859b8a2c23fa81237ba2040d99a1173e71958554746ac066e0b9d410ecae6ff405acc92769d2262aa2fdae567d6c3c17920de1c6602e367ad6796e504354bcd1e24d2f39dd55b12bc7f2f569ce87594e293d46b39640710f22c174d,06e7b7eef8b10b3fcd04f91e16f4ae709ca95f8273cd649d534c16415b60c53b1cffd2c358880a6dd7dbe3f633369d7ca94a1ef3f07f24c2dbd1624706e6266b,150,
10211af71ac208d9de4fb625b3707d27ce6bed88b53d4fdb8c8826b1cd5771fe16e1600c01e63ddac3a858630946d23968fca2a3651e5c285be6b82e342fc9650e10f00da3a6d0e209d6e21d5fabb0b9c87d8c3d207492f74ab7f2d94158f70d12ce0ec93d792cb207d8de64583c524aa65d481e1bb9d94e50e44ce54b9c4b9d,0a96c6f9ca9da7c7e4b28a919499bf3333713a23fae4e8c83e9e8aa4c793f9561a4dec95a0b219553ca703723eb2e2af148747fdc54bb3cbd1d6d68154542afe,150,
1e2c6916c05033640e0f2cbc3f68b1e1c6830704aa8dab8d9b156a868688228900ad36d5d55cf340618a7c5f5315f03a26871aa4099253de18484fdcd540466006e4b178da951dfd93e55f7ee230461888b29903e9a6872d0f16e1cd9fc6af8728e6968e15809b596e9523e2994b88301afe6fb84676223f3b2f675ba12605b2,300ac6f22d758db37a7b96d071cc462e3f3482d98e4a5cd8840b9f0525e5a85e1d7e0cc9ad91e10884c09834a2b9c85149a6c4dd84a128f693546196876c330e,150,
1009c4a75d1ef3260717517b976bff029fa3e3dfebc839065e06801b883782cc07d3a288066725c4a2492604dcc7f63cbd6d321b694869e94abb938798c63c6615c3324e5c7d68efd3e32aa1e6b196595c0e83f4b1d4783de2e69a3e15b1657e285655fdb350ff354b781dc46c5c1260a811d73fc50020aed1171e53bed8be11,26d164e3feb91798c606ccb5b02e1163ae48fa2310b753888d48fe8edd13fa5f1810a1a5804a80a53035c9912c6442db5b93bf64c013ec82bef27e1d79cfba99,150,
291ec0caf8723c0ad714ce5ad3ad5c78fa26dcd0409e36303dda1fc50e1addc818b320b7555b51470cb5874f404439ec6463f3dd4530bd114fc089bac58c046526f36521c67d37204e69890294adcd4228ef33ca5bb129fd8383678369d12b3a2025e9b56ea6c6cfcef2744dd037439ed78ae83bf0399dd77580bdb626a06077,2293461f7299ebf445602f0ae1629b7003743c499d9b89c857c11952861f341c06ce5d8a0ae88ea2c07b8f46407cb900d94aa7900229b49918f42b554a894be7,150,
28392e942c922c4db24aca519c22a391be2cbb02871244f188cc7837250216cf23926ac571e4bd287ba4778581ef4bde05dd9b1c43822188f030b974dcf8e6710b0bc091a9bdb0fc304ce3d60cd27d2a361c628549e3a8f97bf0acf20625d35c11c3b91f52c5540ed78f7db48e59ccbbca3ce99c66f4266ab651f23054a4e661,28c029b5a2ec9c284e80cd60832e4a9283a35f0c878d93a538e032f073968bc0296c7e3191bff1790d7c4994bc90323687d181f442a2a972d6a8af4d00519cbf,150,
2f78489ba709e620bbe5ccc36e102fa0effa9f6eea328cd434f48b0a9c68e5be0a6c738f30d57f9bd8a009ccd96e3755285bc097305343fcae4fda0276a4af7f0d12817d941b86dd75d01d39ba84e526c456eb3ad58f43cf2f1664045be3a48710f776c640028a9a602b5fe1edfaa722d7ad3208770b7221a317a1cdb8450453,0eed32c9711bdb1e80c6d79fb72b05c01a49acadb4c9d8ed2c40b71ad535aff923b7c36b8a2c06014fe05b2b68b83cabbd1fc73cb043915e29c3d82c205a473a,150,
114862f7479b1c61f546c10c71f66d65621de2bd848902092bfbb12cf91c4b270febd91a7a916bc321216ccb4be132ab8822f9e833561ecfa93c9b7fdd43c5b01c147bd99f33ebbddbc3f97064baf24a8fe5a598277003c72911b5aba02f928e05c4053fdba62c9fb31e14ad6b79d1f0e82ec9b8c6efcc9bef2f358e83eccdca,0cdaee35b9fcb8ce6c61f386c7912977928986437e417f0f6ef236723a63044f29bb12baf8e418f2545917a37821d29427306eae3cd573981aa264a298e0bd82,150,
05071288ca5457e4e4e1d7be1bd70f1a6b066a2f214cad32eeb4767ce93e5ca22734d59ca7831623a582eec6dcef4cf8f4615552708f099243b69a9ba02ea2c70142045affa2db88be640c3f8ad55300603a103b07204a9504ed10d8829dbe1906583d821382bea1a1c229dc20d0627f626284328b77102f15be11ff71fa0079,184012a4b8f9fa8000ae47434d0a3f86c35f619655942aace78f0d8ec27cc6802bdaf84313866ef2c5821c9aa56d2d1b92e0eacbe7c1abee12bac9abf4f13641,150,
0554ee65f0b2ed3e2878ee0b69411460753e62bcecc160b57c42d1e265827a8f0d25545bf1226a434235e67e9d5e9fd33b90db3f731a063f9d901243db5ab94224288d8445cd4dd1fc205cb60428f2d779e850f1d1185273c358f1ff9ac6ae110168f351ffc489c9e9d77ed5af3543db3b4221e547ecff8fba1936738e0e64ab,1a6dfc8b51b3c163fe696a2c02bf215f3795dbadc0698bfd881673bdae0f89a00c4c33e233ff070be83b4041bfc77f6b71872d3dca902eca69586fb6ae98a2ed,150,
0e1b614b9cb840b73dac5b9fe4ea6b9fbc6109887847e5444f3581ebf791302e26a7d950c15b3a6993c948a768e4a90f6aa3e0a5aae0065dee9dcf5e5be7cebb2c599f61c1be1e3a2f96779928e9b829cf1bd84f78f1b45bfc35f0b50aab68bc070d43a00461541c69fb80a740192e0a8753f30c96332dfff6a4f821c101573c,07cc56b65eafeb53706729b4933019db4526d1b033dfb18f1bdd9d02f7feeb080a82f40f343ac4ed3b09eab50466ce16f433ba21d109ec77f425cc9ff5e7419d,150,
2fdf2f3ba828a7397d40a832b502c095d9d489dfe31cec6db357fdbb699b64c41a929a1f0630d22bf301804a245df160cf68d290b39b8e933ba05c8fc218ed5d02a9cb7b86fedde5b6e4e70d6594ed6cc4e93f9cbd264f4ba4d65c9568d000e410f1f8c8ea49022b454d590d71d10a33115eaa0196f5f2c544716fda9ccf9ef2,21d660b580295cb29e87a9d64b437324d1b43166abc51d2baf0bf9fa17d08386242436be9a7db34d94a71644767a05784092dd60f86feadfdf1a2031f20110f7,150,
2d4083fda04d34aa73cf8f2e656eef76fa40adaa33e8927be59d104a0b87ddea1cc4db42c9d4ac17f85319a7644a935ec9d0664d287baaeccc5ce69316186baf0f6b637e7497d53c5ef9a8d57752c4fe7f3d3c69158f971d21bde7a62be5999f1b9a6ac91fa767ebf8fc564298407b7b76b8870c2130b63f17413dc1f7fae0e5,2e62b426f170766387f0674365210ea7e482cb0b537f971834eda546b73f92740fc29d55f559e20d232fc330cf96c8829e4a3b41db017219866555f947dbb8f2,150,
1a9099dfe1e0a92844205717b0d35a3d3768d06a470deecd98e61b36f7e259571249683a417d71eccc2470e50a69f01e233277f0f52a6c537b5601671a96cf3e19f30465c47205e765299266b34effbf4842426b309d1092a326a4ae48889c1f303571c33a73e17c4cde925922725758684aacf0961cef9966725d7e008b837a,11c3566238727a6b666d1517b149218857756727ba16704c8c627213f42266090b0fbd126fbcc45be5224413afe91c2160f2049beb4f7688510279bd7fd36b45,150,
12c07012d5ab1097bd05b53bc603607b63b28d83ff4aa96eed456dec24777a8a0dab10bd939903f23d87575b55133c6015a06f7038155115de0d1867c615673100aeded4f17200c818301aae5e7330c7dcc19d314f6e6794056fb0d8881907ae22c9b1d632e52cf6e655110d4b774c032e221894a5398c1875aea8e9c29c6032,130fd339c768b146edabbaa5e6537e1b8a0364534ecdd5e2fe555c66a1cb2b8b2866c08aa58c038706c813ad1c40cc323e7d57cbd0ec11566788b46c1ddddcad,150,
2e80ba321211f46adb74e026c16084d29c3380062c4d24c42465dcc33faa13bb2f08502f46acfa9ed9f06860bd3752432ae085cf2b65d4b5168e6b46bca5b77d0084bf4c327e0207e78ce27c8100bfab04480aaac171f49842a5de2b5a6cf1952029b949a043bb68704cbd9525d60564e8722d9aecf310b849ecd4b554ef4a0d,04fe07efbd83be3ae7d5c294c079a5d3db8f11cf48da3deaef453312d50dbf8a02841befba7d6d5d8ad519f6158f41825852ca49145e564559199888eb9a88d3,150,
229586fe655b7249a85cd7075ae9318e439e4f61d23ea5e8c156a5a3511810141a65500ec8eb618efe54b755fbf4094117ca086e86fd26eebc96aa8d6816a6aa1687bbd8c5950ff6260e79b41c1bafe387845e77f165477d4d632fd006e3d88313010ead0d7ed3dff806e4d2eacc4912793e3bf6261db552111af976d7eb85fd,2e6397fe62ccd0f58f5c89cbcd33830bb4a97c338dee273bf169825330252ff118223b9f3e61b9379837bdd91d02e035e6658d8b21a2910c1ad3aa1a5bc189f0,150,
136a0c3855a3712289bd8d288f1e41ea71b81540e48886b8ae659652aa85d6ed07d6cd0b583addf694636fe79933ff535ba88f78e3033fb69603c9aad045143c00048ab38ad574910aac605511e44a4c6a57e1d46a6af67df37fcb72544b7063053d07f4609c5bb9f623f9a045f7f8c66b309c38e56e44223af20be3c14cc914,2b130d7e6d8f653841f62bfb25b0f6d85f6067b92d40a2d6dca1c9573578310f0b43885d00561bc692ff7b11c517025caf5a255e6b788041b237ef4bd5b4a36d,150,
278a9c89c06223b43980109cb831465d6b01cecbed40f0ae204e35d884298b5a0f45e51ad5dd04b3ccc4ae7bfff6a8b130a598e043ecb7f6043dbaa3db7333220eb4e15567192a06f00a92366f6c33361d838e71703e3dfa4462ad57ae02c55e087b70c268e9bd99881ac29915a0a005cd6fdd86defa4c8deb119cfc0c80bc37,03dfef6b86eff665be955cb35a53a828dabbae009f98c992503c58b0177f98301aa4633364643a5d1a2a85cf8dc352babf9c0d79d19e931161be8e9a2b001264,150,
16e3a81d0d7756cd77abc3a996c6e89d549e682e8eabd751656389f1d63565801ac35216b24cd8f0fec294262338ce95fb02806d2601e3d7eec815f5ddae893713c13a9be4c2d739a5d79741da16b9b6b8ef68a60818be222fb900eba69297a6101c7f84259249808fe5bc344e633857ba7cda72d9ca1f058b7dd19f374c4378,19f8dceded3fea6a57e6da75fe7fbde2f01a75e6e5dbafe78050af0026335e6c124c231265dffee866df46a8289bd468f41f2396c4b0008355c744e9820ec5c8,150,
302eda30769a54ff3918c691d85dd423f23fe16e07efbaa98bf8d29fddf263f1026d8718bc01c62c74160d7b818b20a384c1bafd083f6302730737befd81d81c129ef0baf2c07402c349ddfdc9abf7faecbf81a5d0ebb9d12e0c0ec2d5fd7aa305c976fe4006ff85d70e749c952f081b5128774f9e39176aa65acee154cf0ab2,1386c4d0ce195034e1667bb69de7d64b6d31a1ce59ebdfd791606b11ec083a7a02bfb191700050778c448261f0552788f1f321778acc7fbb08cd3e12a1a3e507,150,
21745cd3e48a6e9a253a4cbc0e5859e0328254a1c9f6747047011ed2bcb481151b8f8729984498a32031d2574a82cc7c8344de92ce86d3c2b585584d110228932a681181d885eaf71df10831a33073e9fa264a880e34087cdad076256d7879942e5ec5872adef3582f1c1fd8321b9fee7c3f509b67517a1556829dffd30f98a1,2fd9c911fc460b63f5e265bec2241f2fbbe70622d78f329bfcc49955a809c6e9013411a24c32295eba6a112d0f0c0525d6a6bd1b7c79c86df1421fd0a6346b21,150,
1df0653bcdca446dd20975db8c8595e849322e00e075c12490346555ffdb73d126b9776c77850338771d643c2eedd5e96f00744e2b9cce42f765a4b3fc5545d12186839e21eac05f4f63b2b87addf55f390989ff2eed52f87cde8db39a1d54e72e4a528c156023f9bee59d36c9c19204ee4d35fa48e800aada89b7837dc52a37,22c068dc655b88d304c46632e0bc7897cb19013942b641c743c67468574589452f0d68c00d310178303a36be142d9b986e115b6833229b1f59c4e0345c31d685,150,
23f3c291eef3693a06ecb43b56910bd97ce11cef7e3b48378318c72ea0aa2acd1f905276f1d1d3614041cb4b6486bf4a7748cd791c19f53cf928db119ea6c55325fe3cfb7a2589c8487f16e7c73c58a00e991c22780130c1d6b5bd05e65db4370b4bfb8bc7a267969150b99eb2f7ebdf9a1f08644f787dc07cf8847537e3c56c,2c4e77d687eae1080859f1bd09387655570a321c2eb81550ae0861086a5a4f35164f0d42d921d9a79b166719b5ac9ba797886fa4a7e7761bdc8e18e3946894c0,150,
2cbf2ecbd8200bd5f4c9a6c1fa6a6073fda67eba1e11de447116b690de66eb0f096209fb690d33cea94d1e84562ad63b9c7dc5bba6f71601007c7758f539b2a6142ba13ad5fab9081b866f4268fd90c3580fe02b0e4fc099350abcb69216058f0aaa22bfdb62b1d2bd7d148f26f1f63e923c5d454cfbf84a2552981c70800a3b,10812d90dcd10822e5cabc2a9f2e6cb8da10d40abe0305d50c7f0fae2cfb1197206eaa7928593d3f835406cf8e0c2a9812899e1cce2fc4e9bdc61f9ee52b55e4,150,
1c8ac0b983a1f847cfff90e5452e07c4de7a1c99f2b0f5ed974d8dd30da7b2c9007a0946cdf94a4d82f5f44071b229584f8e5125820bd1190ffbe7278ff10ce41b68edee5e4585b386fddf49b80955c0655a7aad13406e667189fce7a618605c11ba1e1fd1ba2461fda37d348c104c1ee89339a08af8187d783147dd5376ce12,203d5dec404099608f61bfe2bc8435feeebccb13daa4269644d4171a8891fcd4074f16fa14340d310f85f248b634deba7357dba4cc7564ba1fe7d5101efbd426,150,
1232fd721a04ff9e10ad2ebff59f80cd9c303e7ded18903cde6e3964f6ecc20a1f2254ff4ab978acc414e15357ce01be85c06c54e4b6696a81a8e4f63bae17c829c8e8c7a3b5b37d6458ce6d9dce9a32dbda6eeb175eb9887cdee4f0f1feeb4a12c00d5948785c84455086e12f1d1987cb687910eb7a8b8a1b5d7215c1da8f55,15fa8715da6000bcb52628407fc6ef198028f30c09db6f8fde343c1f205216f8112fb8984176d43aa9391a444ce3fa9e9b808b2d326521e45878f414311c050b,150,
0f26eb60722df0034c23d24a637e3d5dbf0a19c2b2e871e57459e110b72ca6632320513ed4933eb26c82c70c47b1947ae2da385231fb3fcf6a5eaf78e0cbd7450fdd17e51984a9876122a5b183406bb0501efab1802011ec367a7fb82612a9f11022ef8aad7e9a1060f9096ab9b91cba004dde9ed1ced2b2afb6f416d59902c0,1afe6369fb77bcd741c77c140bf141b4f53142537db0bfc27ba5ebc97c68d47e06f2b468a4fe302e6ec2166ff6e9a5aaab89d92fdbed0dc0655cbcc4a6f551bb,150,
1ffe6c4643b67079caaaa9bc9488b91cf386e00ba44781384b64ef38a5c80326123b425a01473f24111f23f887ffdd816b0f2890fc21101dafa89baf3c88e57f060ea176f5b32ef3546f2942489f3ca50b51b49494a48cb3772f2b286412b5e42ae5ae3b2de2546228c0de27ecfa0432e88a108d98163ce433077548a9f93f08,01a0f938596737ccabe32af9fb6d01c8210fce791190b7d9185e980bc806246e04885a09d989834e3ca4ef6758c89bfc977c2a5a7ccd62f922e41e52825ed7f1,150,
1e072442d63bc81eeda09f7cbdafa31b8871f936adf61e7bf5ed83ee5274a6081b179a24db848aeb4f7472724dce78b5148d243b220330243d996058c743eb62271adee1d2c43e7a71519f786dc94a7a1ee626c51b097af643ad1181c748dbcd2a984ab2002ffe2c3e2c91122bff3472e560d90fb7c461b7cea6aad9222d2a61,295da8edb64718c278bd758718820b765a397ad866e09adcbcfca2acdd522af513c971665f24e0af820c5b6600a2abf1c45c6cd473b6947cad813547ca4db77e,150,
24467f5e8ffbf1aeaa6aff6e8c42dcc9f1c15a5e3d3e4abc066b9dd7d3861fdd0f627e79d04d902e2a62fc06c82828e0a0ebfda78ce0ce02f687ca131ade24821b22fc3cece8e9dedfa909fa4f4a09f8ab7d230f959a0997a7929a974ebc9a3a2863c58f66a4334e50027fe8938cf917743e01c504253a2c3f0ba1fc826ac840,0a4b4981692d1c4847ee9ff270148418c7100f483123b37987b94bbd5bc74a76145c904c5a6737ccfe5bd3b150864222618d219b781c37354080aee89a03969f,150,
08ee94e10db30c0cd5e52708892dccffd11c2ffda5640034887bb815ef8170740160071faf3f4186a57b07526cc81fb6680ba41ba72b10250b49a84ec5bdf00e06014601f1c7f5068acd096b5e3b95bc5a083963eb3ceed449d8ad8a4534de77107b6375218f3394739b1d5fc70c91e062bb81878f4edcc95051cc42c3edf8c9,1c7141eda2154c43f9154fce0ffcca086b00f223aa4b8b7c4dff3a6dbb90fb330d9ec7fac9cccbd16b0e33af39a9b40d4466e463081ba0e8de23faf7150fed8e,150,
061504ff5b8a28489dd7c4e2d8cd399f14ca48486938e11834e2dd90f16ce11f04b0e823e4c1ecbad1f109f45f93d6acfdb44c0f02b78197243cdd9211ee08120aebe1bc51afd1019928419e473710752d2c69f8915afd68c7c4a984bdc7af7b2335b84ba4e92f8e82ee2412be02c6bee09861a3d9d418edef63e462290e4059,12d63f9072e057e844b3dfb280e7b61971f26195c16aa53cd85dee9d3fb7e34b0937cd4e8578a26c52ef9fce4c6ddc459931462a8a7a24532456a2e4c8071464,150,
17fa4704e7748b5c140ab1ef4b6922a9744a3656f7fd6abf2c52d9a71ad22c0324cd36a69142d92c1ec6d3bd866fecc0562ec53e304fa0077f0c5e44b59a9bc81a2e9beca11e8acb8a081cb32ece8a00a77ac6d55a7dda49cdbdbe1e39c056b50e65a48bc0dd48e2340650529da1d375fffa9eca88510039ae55f3c446c52d14,1e4b0c00ae49c69157f85536254bb94f01b962de6bcd77aad27649ce395e55c814bbcffe3146e0eda9749da63e3766b52bb71b048126a77b0bd90d6a9552bf4f,150,
20e4a3f4ca1f3b90d5fd514b06340ebe74e613e463faf273486cb38b80bc1a9b009ceb114675902e73ed5ad36a83b5f8db5d1073e0f46fcb82a3c26dd1549f01211d79879817777d777a1e13157fffad6a2634826d7ae774bd72a79c0bccba611e8e565f93b8830d89ff88a0d51752fe87d1237c2665e2c79a95c66ccb9b15be,0ab66421d94363fa51fceab219185fe29b3c274f558f5099d629d4cb464bdc920951970ac0cfd95d46aa935c204a73524bf8e5a3ae7bdb7fdcab0332856e0961,150,
04c62f10ff5461abf048ec7b48ced50dac94352b51aea9df44411b7d4d36c43f0780281281bbcd5ea4b7282275262d51791fed88278521df644db200e7eacb8b19e358942199d4f420c9072daeee5d635f0dd564217cc04bb10cdf486753dec1268fe6d782cfc875645ac2f12305d2856f607189fdf20873a86dbe71a3e17240,0e63b32d1027589979faa19b4a4b1edfaae89e6d5306b64f571af80f725567152b7f394262820f54f8de02df76f114342832dd4382a906c427a8974b2d87b64d,150,
046c038b94b2ccd857aa5002f518d95512fd89813b4ddbabc934c38532bf3749294773e981a080707412a2c2efc4a21fb90572195329a5c7b223ffb3c49764a11e15f17ca33407967abaff30f3ec92b9e097fd6bf88f28a5de4a415248abfd8b18131bf79192b15c1d18ae36fe9c872b2be66df0ca8d4a11c12811df151ce9ed,2e2e8a90ed50f678fcc851e1a84340ae7bef5628e76d456c6b29c922049056e70a44ab93564ec5907368a33aa75eaf5dca74c02ec0591d5356e0ecc5317c7512,150,
0b9e7d6ea87d8f8935d3891955406ecb6a4d0d3d3ab2b23ecb63319bba7db49e1623d2ed48f405cd9d69182e58c399840885e9c4885c3e4bfd849f7514355dc90342b716288cba9a4efca8e1c301489e8ad6680757bdeadfdf2b633f1c8f7f502d5cc174ce1f78355522d96f73a69cb7d70a0d5753cc539d4d93e589aec543ae,00c13775ebedc4919ae9c37300f135e0d0450a2ea47b4a9654fecdcb9dbae2ad28f947ab1f87313ee48bc4aced54c5d6c7b868ca3a990a858d414fc8b06968b3,150,
1199b52eb2302d678fd3c7ba7b8b4d1039b1d4fc3b8044fe48b81bc2a1b173d823d7a7e2ae423fc7d23aa11f2364953926c199a3e0f0696cabbd458fab3e4a7f29986f313b7e73bd981b8bb920c35194a2603f2de0f2f8579963cca50f415c62117c37625bfe899ab68c39012e37221257087174fc6508daba8dcdf36d2a81d5,2083d99e037c02a49a09a1a05376424fb4e3d16cfb70c2149a778d42241d9d4e20d1ba2a8dd5bf347324d50c3175fc1ccb0d45aafe80cdbc3cf6f0f33c5d0c1e,150,
14fb94b44802bbd664af092eed516c83c9c360a77448827b27e05f9085ad712128a30fe917870737ce80ee968144e866ea633d826ef56a1d2e68ff4081c04924110c3925c3c4dccc1703b823dc4ccaf88bd14455a2be4dfb0d23b7722d76ff1f0a1bebfb219e890c4869d07273451338e007a795778fbc297ae4b6067299000d,24b61c093fb0080e6380f69117379feb3ecd6d5975af219d5044c652fa5fa9ae1a2213bc1a403ecf7ac833ae8db72e76ce72f7a4cacfee1d2c4efa38ae1dc6ef,150,
2fcd84e595e97fb2ff5e8f9579f0bb4c4c893f6e9c8a676ec7aa70e280ce050b1aedc3877c77ee3f42777f2dc481a0acec08b3851c53a1b33d50e15d895244dc239ca921c4b4cf494b53079c27444c0395383f7ab84d3efc8c6ddb65bd5547a2280f7c6c0a4b81b5416a6dc869ad3364015b041ca34b481868aa0a034b266dfa,13451e414f1d486f25c88424e9243012d37d8b9c0031abcc5fd4dc8b52b1385713e04a4dbcb64b055dd19e44f3e430484664e645226936481242714caab9b746,150,
1470b80a6d5de1470aeadfa0b2eb913d9286bd966aa8a99b09879f3b10c985d02432b8ccd7083d421127dac6ad90bd569e763810e32d37114a786c76458646472aa98cd23ec265f3a2aa1e68798dd15fbe0334c636aac539e1194c48e8528cdc257f25a911b81d23c6f1e5a144670892534b7369300830195c7a4cbc3bff2ef8,1639672676d9be7512362fd8099c012592e50750ac2ca669212705ca6a9b029626cfc8614e2e89fb77b294b41a55f03dd707d848b46772aa4d2556948895a93f,150,
16eea4cc6a5c21b361c4d144f81f0c5774181b19b6341ebc3317b6d9c78b493407abc49d40a88a2336ea698f6bcc5b767f290fa5255f1ea9c449237dfa75259210264114425d52ebb998a32b103fe50d3c44b156f53dd16fec92c805c51b3bc117986b497207e3198ca7beb705537ba0d6c82cb8e6e1c507e74dece3fbb17fc2,2ef81763011baa4945a15da4c312cd2c280017994fcbea76048907c58acaf8f01a66e2bd9a4c4e1ca39a7fa9ba43f615c3720ae73c0d2aa6b2cb14e5a24f233d,150,
1ca0717a8dfb9c3940a731d7c52f1699f64fe05e76189a91dc622e8fafd99de62313a1df5b32b17c21e53e2d0a1ff3eeac6ab4359a9f86e51b1c236f414d87ea0e9729271df80f9967d618c33d9e8389bd4afb88e8b1e26e20b98868406da8ce1aca0647ae2e8573e39970f442aa3900175beeef2984af814fa51cf4ab59e07c,278782b7f77402d99c21f0bb831e899431703967252026abb6a6cfefd6d368600bd99290fca19622267066ee211842111904f2ced987023a34048236be757231,150,
1ca0717a8dfb9c3940a731d7c52f1699f64fe05e76189a91dc622e8fafd99de62313a1df5b32b17c21e53e2d0a1ff3eeac6ab4359a9f86e51b1c236f414d87ea00000000000000000000000000000000000000000000000000000000000000000000000000000000000000000000000000000000000000000000000000000000,1ca0717a8dfb9c3940a731d7c52f1699f64fe05e76189a91dc622e8fafd99de62313a1df5b32b17c21e53e2d0a1ff3eeac6ab4359a9f86e51b1c236f414d87ea,150,
1234,,150,"invalid input parameters, point is not on curve"
0174fc233104c2ad4f56a8396b8c1b7d9c6ad10bffc70761c5e8f5280862f137029733a9f20a4cdbb7ae9c5dd1adf6ccc7fe3439d7dc71093af0656ae0ca0f290964773f12e2292f332306374f957d10,,150,invalid input parameters, point is not on curve
0174fc233104c2ad4f56a8396b8c1b7d9c6ad10bffc70761c5e8f5280862f137029733a9f20a4cdbb7ae9c5dd1adf6ccc7fe3439d7dc71093af0656ae0ca0f290964773f12e2292f332306374f957d10000000000000000000000000000000000000000000000000000000000000000000000000000000000000000000000000,00000000000000000000000000000000000000000000000000000000000000000000000000000000000000000000000000000000000000000000000000000000,150,"invalid input parameters, point is not on curve"
67376aad340c93eb0fc9bc8e040dc691bd00e426c6456b4d13079e7f1dbb3da847eb0fc271cd23da50c6ebc261928abb1af9bfcea998791e18af1817b06221e1fe708d2f4224275523fcd37460a310ce4b56f1694dfe36280410f0fb6efc5f47b85662e5b08d881242a72acbc2c8e2fa71ac593be977ad3e090c8158aace0247,,150,invalid input parameters, point not in field
,00000000000000000000000000000000000000000000000000000000000000000000000000000000000000000000000000000000000000000000000000000000,150,
ff000000000000000000000000000000000000000000000000000000000000ff,,150,"invalid input parameters, point not in field"
1470b80a6d5de1470aeadfa0b2eb913d9286bd966aa8a99b09879f3b10c985d02432b8ccd7083d421127dac6ad90bd569e763810e32d37114a786c7645864647,1470b80a6d5de1470aeadfa0b2eb913d9286bd966aa8a99b09879f3b10c985d02432b8ccd7083d421127dac6ad90bd569e763810e32d37114a786c7645864647,150,
000000000000000000000000000000000000000000000000000000000000000000000000000000000000000000000000000000000000000000000000000000000e3ec5510d7c4ad06c584c12197f7da897e3a2cb4c3f38c516a9eb2a1923083d214ee4b4a1571cb20a8e0c456faf2d27ce3c1529d73709bd735c513ba3d7e18a0762587d6d8b5e91de95a596ce583c5f1a671c3430a7f209eaa562b777b57f2b1ca31d687bd757c4b14f17feddff6785f2a6c1d1a65bab833889324f255c6e62,,79000,"invalid input parameters, point is not on curve"